park,park_code,recreation_visits_2024,visitor_spending_2024,spending_per_visit
Great Smoky Mountains,GRSM,12191834,2041280684,167.43
Zion,ZION,4946592,774226001,156.52
Grand Canyon,GRCA,4919163,905332453,184.04
Yellowstone,YELL,4744353,709661838,149.58
Rocky Mountain,ROMO,4154349,587894848,141.51
Yosemite,YOSE,4121807,628978547,152.6
Acadia,ACAD,3961661,538906894,136.03
Olympic,OLYM,3717267,380181380,102.27
Grand Teton,GRTE,3628222,807570482,222.58
Glacier,GLAC,3208755,457969498,142.72
Joshua Tree,JOTR,2991874,179289564,59.93
Cuyahoga Valley,CUVA,2912454,143916405,49.41
Indiana Dunes,INDU,2705209,142765885,52.77
Gateway Arch,JEFF,2563052,184619737,72.03
Bryce Canyon,BRCA,2498075,244888372,98.03
Hot Springs,HOSP,2461812,189778131,77.09
New River Gorge,NERI,1811937,95497566,52.7
Shenandoah,SHEN,1720211,132362735,76.95
Mount Rainier,MORA,1620006,72206957,44.57
Arches,ARCH,1466528,287781130,196.23
Death Valley,DEVA,1440484,146173993,101.48
Hawaiʻi Volcanoes,HAVO,1433593,445436382,310.71
Capitol Reef,CARE,1422490,127191329,89.41
Sequoia,SEQU,1309573,119762208,91.45
Badlands,BADL,1094245,143208177,130.87
Saguaro,SAGU,946369,73329651,77.49
Canyonlands,CANY,818492,116289237,142.08
Mammoth Cave,MACA,747042,73238362,98.04
Everglades,EVER,741983,114598664,154.45
Glacier Bay,GLBA,736282,333268259,452.64
Theodore Roosevelt,THRO,732951,55791909,76.12
Haleakalā,HALE,732477,56001152,76.45
White Sands,WHSA,702236,62353049,88.79
Kings Canyon,KICA,699389,72732006,103.99
Redwood,REDW,622883,47784967,76.72
Big Bend,BIBE,561458,56818126,101.2
Petrified Forest,PEFO,559254,43357797,77.53
Biscayne,BISC,512213,39679336,77.47
Crater Lake,CRLA,504942,53516518,105.99
Wind Cave,WICA,489399,48637581,99.38
Mesa Verde,MEVE,480065,60173176,125.34
Denali,DENA,466227,611958858,1312.58
Carlsbad Caverns,CAVE,460474,35713442,77.56
Great Sand Dunes,GRSA,437661,29547372,67.51
Virgin Islands,VIIS,423029,75985281,179.62
Kenai Fjords,KEFJ,419468,92743116,221.1
Lassen Volcanic,LAVO,357651,34895885,97.57
Pinnacles,PINN,354076,25255094,71.33
Black Canyon of the Gunnison,BLCA,335862,25238217,75.14
Channel Islands,CHIS,262581,17742239,67.57
Congaree,CONG,242049,14608373,60.35
Guadalupe Mountains,GUMO,226134,28092007,124.23
Voyageurs,VOYA,199030,19646534,98.71
Great Basin,GRBA,152068,16743118,110.1
Dry Tortugas,DRTO,84873,6250827,73.65
Wrangell–St. Elias,WRST,81670,158974000,1946.54
Katmai,KATM,36230,70525000,1946.59
Isle Royale,ISRO,28806,11950881,414.87
National Park of American Samoa,NPSA,22567,1588008,70.37
Lake Clark,LACL,18505,36022000,1946.61
Kobuk Valley,KOVA,17233,1687459,97.92
North Cascades,NOCA,16485,950065,57.63
Gates of the Arctic,GAAR,11907,23177000,1946.5
